"module name","license","repository"
"@acemir/cssom@0.9.23","MIT","https://github.com/acemir/CSSOM"
"@adobe/css-tools@4.4.4","MIT","https://github.com/adobe/css-tools"
"@alloc/quick-lru@5.2.0","MIT","https://github.com/sindresorhus/quick-lru"
"@asamuzakjp/css-color@4.0.5","MIT","https://github.com/asamuzaK/cssColor"
"@asamuzakjp/dom-selector@6.7.4","MIT","https://github.com/asamuzaK/domSelector"
"@asamuzakjp/nwsapi@2.3.9","MIT","https://github.com/dperini/nwsapi"
"@babel/code-frame@7.27.1","MIT","https://github.com/babel/babel"
"@babel/compat-data@7.28.5","MIT","https://github.com/babel/babel"
"@babel/core@7.28.5","MIT","https://github.com/babel/babel"
"@babel/generator@7.28.5","MIT","https://github.com/babel/babel"
"@babel/helper-compilation-targets@7.27.2","MIT","https://github.com/babel/babel"
"@babel/helper-globals@7.28.0","MIT","https://github.com/babel/babel"
"@babel/helper-module-imports@7.27.1","MIT","https://github.com/babel/babel"
"@babel/helper-module-transforms@7.28.3","MIT","https://github.com/babel/babel"
"@babel/helper-plugin-utils@7.27.1","MIT","https://github.com/babel/babel"
"@babel/helper-string-parser@7.27.1","MIT","https://github.com/babel/babel"
"@babel/helper-validator-identifier@7.28.5","MIT","https://github.com/babel/babel"
"@babel/helper-validator-option@7.27.1","MIT","https://github.com/babel/babel"
"@babel/helpers@7.28.4","MIT","https://github.com/babel/babel"
"@babel/parser@7.28.5","MIT","https://github.com/babel/babel"
"@babel/plugin-transform-react-jsx-self@7.27.1","MIT","https://github.com/babel/babel"
"@babel/plugin-transform-react-jsx-source@7.27.1","MIT","https://github.com/babel/babel"
"@babel/runtime@7.28.4","MIT","https://github.com/babel/babel"
"@babel/template@7.27.2","MIT","https://github.com/babel/babel"
"@babel/traverse@7.28.5","MIT","https://github.com/babel/babel"
"@babel/types@7.28.5","MIT","https://github.com/babel/babel"
"@bcoe/v8-coverage@1.0.2","MIT","https://github.com/bcoe/v8-coverage"
"@csstools/color-helpers@5.1.0","MIT-0","https://github.com/csstools/postcss-plugins"
"@csstools/css-calc@2.1.4","MIT","https://github.com/csstools/postcss-plugins"
"@csstools/css-color-parser@3.1.0","MIT","https://github.com/csstools/postcss-plugins"
"@csstools/css-parser-algorithms@3.0.5","MIT","https://github.com/csstools/postcss-plugins"
"@csstools/css-syntax-patches-for-csstree@1.0.16","MIT-0","https://github.com/csstools/postcss-plugins"
"@csstools/css-tokenizer@3.0.4","MIT","https://github.com/csstools/postcss-plugins"
"@esbuild/darwin-arm64@0.25.12","MIT","https://github.com/evanw/esbuild"
"@eslint-community/eslint-utils@4.9.0","MIT","https://github.com/eslint-community/eslint-utils"
"@eslint-community/regexpp@4.12.2","MIT","https://github.com/eslint-community/regexpp"
"@eslint/config-array@0.21.1","Apache-2.0","https://github.com/eslint/rewrite"
"@eslint/config-helpers@0.4.2","Apache-2.0","https://github.com/eslint/rewrite"
"@eslint/core@0.17.0","Apache-2.0","https://github.com/eslint/rewrite"
"@eslint/eslintrc@3.3.1","MIT","https://github.com/eslint/eslintrc"
"@eslint/js@9.39.1","MIT","https://github.com/eslint/eslint"
"@eslint/object-schema@2.1.7","Apache-2.0","https://github.com/eslint/rewrite"
"@eslint/plugin-kit@0.4.1","Apache-2.0","https://github.com/eslint/rewrite"
"@fastify/deepmerge@3.2.1","MIT","https://github.com/fastify/deepmerge"
"@floating-ui/core@1.7.5","MIT","https://github.com/floating-ui/floating-ui"
"@floating-ui/dom@1.7.6","MIT","https://github.com/floating-ui/floating-ui"
"@floating-ui/react-dom@2.1.8","MIT","https://github.com/floating-ui/floating-ui"
"@floating-ui/utils@0.2.11","MIT","https://github.com/floating-ui/floating-ui"
"@gilbarbara/deep-equal@0.4.1","MIT","https://github.com/gilbarbara/deep-equal"
"@gilbarbara/hooks@0.11.0","MIT","https://github.com/gilbarbara/hooks"
"@gilbarbara/types@0.2.2","MIT","https://github.com/gilbarbara/types"
"@humanfs/core@0.19.1","Apache-2.0","https://github.com/humanwhocodes/humanfs"
"@humanfs/node@0.16.7","Apache-2.0","https://github.com/humanwhocodes/humanfs"
"@humanwhocodes/module-importer@1.0.1","Apache-2.0","https://github.com/humanwhocodes/module-importer"
"@humanwhocodes/retry@0.4.3","Apache-2.0","https://github.com/humanwhocodes/retry"
"@inquirer/ansi@1.0.2","MIT","https://github.com/SBoudrias/Inquirer.js"
"@inquirer/confirm@5.1.21","MIT","https://github.com/SBoudrias/Inquirer.js"
"@inquirer/core@10.3.2","MIT","https://github.com/SBoudrias/Inquirer.js"
"@inquirer/figures@1.0.15","MIT","https://github.com/SBoudrias/Inquirer.js"
"@inquirer/type@3.0.10","MIT","https://github.com/SBoudrias/Inquirer.js"
"@jridgewell/gen-mapping@0.3.13","MIT","https://github.com/jridgewell/sourcemaps"
"@jridgewell/remapping@2.3.5","MIT","https://github.com/jridgewell/sourcemaps"
"@jridgewell/resolve-uri@3.1.2","MIT","https://github.com/jridgewell/resolve-uri"
"@jridgewell/sourcemap-codec@1.5.5","MIT","https://github.com/jridgewell/sourcemaps"
"@jridgewell/trace-mapping@0.3.31","MIT","https://github.com/jridgewell/sourcemaps"
"@mswjs/interceptors@0.40.0","MIT","https://github.com/mswjs/interceptors"
"@nodelib/fs.scandir@2.1.5","MIT","https://github.com/nodelib/nodelib.git#master"
"@nodelib/fs.stat@2.0.5","MIT","https://github.com/nodelib/nodelib.git#master"
"@nodelib/fs.walk@1.2.8","MIT","https://github.com/nodelib/nodelib.git#master"
"@open-draft/deferred-promise@2.2.0","MIT","https://github.com/open-draft/deferred-promise"
"@open-draft/logger@0.3.0","MIT","https://github.com/open-draft/logger"
"@open-draft/until@2.1.0","MIT","https://github.com/open-draft/until"
"@oxc-resolver/binding-darwin-arm64@11.19.1","MIT","https://github.com/oxc-project/oxc-resolver"
"@playwright/test@1.57.0","Apache-2.0","https://github.com/microsoft/playwright"
"@polka/url@1.0.0-next.29","MIT","https://github.com/lukeed/polka"
"@rolldown/pluginutils@1.0.0-beta.47","MIT","https://github.com/rolldown/rolldown"
"@rollup/rollup-darwin-arm64@4.53.2","MIT","https://github.com/rollup/rollup"
"@standard-schema/spec@1.0.0","MIT","https://github.com/standard-schema/standard-schema"
"@tailwindcss/node@4.1.17","MIT","https://github.com/tailwindlabs/tailwindcss"
"@tailwindcss/oxide-darwin-arm64@4.1.17","MIT","https://github.com/tailwindlabs/tailwindcss"
"@tailwindcss/oxide@4.1.17","MIT","https://github.com/tailwindlabs/tailwindcss"
"@tailwindcss/postcss@4.1.17","MIT","https://github.com/tailwindlabs/tailwindcss"
"@tanstack/query-core@5.90.10","MIT","https://github.com/TanStack/query"
"@tanstack/react-query@5.90.10","MIT","https://github.com/TanStack/query"
"@tanstack/react-table@8.21.3","MIT","https://github.com/TanStack/table"
"@tanstack/table-core@8.21.3","MIT","https://github.com/TanStack/table"
"@testing-library/dom@10.4.1","MIT","https://github.com/testing-library/dom-testing-library"
"@testing-library/jest-dom@6.9.1","MIT","https://github.com/testing-library/jest-dom"
"@testing-library/react@16.3.0","MIT","https://github.com/testing-library/react-testing-library"
"@testing-library/user-event@14.6.1","MIT","https://github.com/testing-library/user-event"
"@types/aria-query@5.0.4","MIT","https://github.com/DefinitelyTyped/DefinitelyTyped"
"@types/babel__core@7.20.5","MIT","https://github.com/DefinitelyTyped/DefinitelyTyped"
"@types/babel__generator@7.27.0","MIT","https://github.com/DefinitelyTyped/DefinitelyTyped"
"@types/babel__template@7.4.4","MIT","https://github.com/DefinitelyTyped/DefinitelyTyped"
"@types/babel__traverse@7.28.0","MIT","https://github.com/DefinitelyTyped/DefinitelyTyped"
"@types/chai@5.2.3","MIT","https://github.com/DefinitelyTyped/DefinitelyTyped"
"@types/d3-color@3.1.3","MIT","https://github.com/DefinitelyTyped/DefinitelyTyped"
"@types/d3-drag@3.0.7","MIT","https://github.com/DefinitelyTyped/DefinitelyTyped"
"@types/d3-interpolate@3.0.4","MIT","https://github.com/DefinitelyTyped/DefinitelyTyped"
"@types/d3-selection@3.0.11","MIT","https://github.com/DefinitelyTyped/DefinitelyTyped"
"@types/d3-transition@3.0.9","MIT","https://github.com/DefinitelyTyped/DefinitelyTyped"
"@types/d3-zoom@3.0.8","MIT","https://github.com/DefinitelyTyped/DefinitelyTyped"
"@types/debug@4.1.12","MIT","https://github.com/DefinitelyTyped/DefinitelyTyped"
"@types/deep-eql@4.0.2","MIT","https://github.com/DefinitelyTyped/DefinitelyTyped"
"@types/estree-jsx@1.0.5","MIT","https://github.com/DefinitelyTyped/DefinitelyTyped"
"@types/estree@1.0.8","MIT","https://github.com/DefinitelyTyped/DefinitelyTyped"
"@types/hast@3.0.4","MIT","https://github.com/DefinitelyTyped/DefinitelyTyped"
"@types/js-yaml@4.0.9","MIT","https://github.com/DefinitelyTyped/DefinitelyTyped"
"@types/json-schema@7.0.15","MIT","https://github.com/DefinitelyTyped/DefinitelyTyped"
"@types/mdast@4.0.4","MIT","https://github.com/DefinitelyTyped/DefinitelyTyped"
"@types/ms@2.1.0","MIT","https://github.com/DefinitelyTyped/DefinitelyTyped"
"@types/node@20.19.25","MIT","https://github.com/DefinitelyTyped/DefinitelyTyped"
"@types/node@24.10.1","MIT","https://github.com/DefinitelyTyped/DefinitelyTyped"
"@types/react-dom@19.2.3","MIT","https://github.com/DefinitelyTyped/DefinitelyTyped"
"@types/react@19.2.6","MIT","https://github.com/DefinitelyTyped/DefinitelyTyped"
"@types/statuses@2.0.6","MIT","https://github.com/DefinitelyTyped/DefinitelyTyped"
"@types/unist@2.0.11","MIT","https://github.com/DefinitelyTyped/DefinitelyTyped"
"@types/unist@3.0.3","MIT","https://github.com/DefinitelyTyped/DefinitelyTyped"
"@types/whatwg-mimetype@3.0.2","MIT","https://github.com/DefinitelyTyped/DefinitelyTyped"
"@typescript-eslint/eslint-plugin@8.47.0","MIT","https://github.com/typescript-eslint/typescript-eslint"
"@typescript-eslint/parser@8.47.0","MIT","https://github.com/typescript-eslint/typescript-eslint"
"@typescript-eslint/project-service@8.47.0","MIT","https://github.com/typescript-eslint/typescript-eslint"
"@typescript-eslint/scope-manager@8.47.0","MIT","https://github.com/typescript-eslint/typescript-eslint"
"@typescript-eslint/tsconfig-utils@8.47.0","MIT","https://github.com/typescript-eslint/typescript-eslint"
"@typescript-eslint/type-utils@8.47.0","MIT","https://github.com/typescript-eslint/typescript-eslint"
"@typescript-eslint/types@8.47.0","MIT","https://github.com/typescript-eslint/typescript-eslint"
"@typescript-eslint/typescript-estree@8.47.0","MIT","https://github.com/typescript-eslint/typescript-eslint"
"@typescript-eslint/utils@8.47.0","MIT","https://github.com/typescript-eslint/typescript-eslint"
"@typescript-eslint/visitor-keys@8.47.0","MIT","https://github.com/typescript-eslint/typescript-eslint"
"@ungap/structured-clone@1.3.0","ISC","https://github.com/ungap/structured-clone"
"@vitejs/plugin-react@5.1.1","MIT","https://github.com/vitejs/vite-plugin-react"
"@vitest/coverage-v8@4.0.10","MIT","https://github.com/vitest-dev/vitest"
"@vitest/expect@4.0.10","MIT","https://github.com/vitest-dev/vitest"
"@vitest/mocker@4.0.10","MIT","https://github.com/vitest-dev/vitest"
"@vitest/pretty-format@4.0.10","MIT","https://github.com/vitest-dev/vitest"
"@vitest/runner@4.0.10","MIT","https://github.com/vitest-dev/vitest"
"@vitest/snapshot@4.0.10","MIT","https://github.com/vitest-dev/vitest"
"@vitest/spy@4.0.10","MIT","https://github.com/vitest-dev/vitest"
"@vitest/ui@4.0.10","MIT","https://github.com/vitest-dev/vitest"
"@vitest/utils@4.0.10","MIT","https://github.com/vitest-dev/vitest"
"@xyflow/react@12.10.0","MIT","https://github.com/xyflow/xyflow"
"@xyflow/system@0.0.74","MIT","https://github.com/xyflow/xyflow"
"acorn-jsx@5.3.2","MIT","https://github.com/acornjs/acorn-jsx"
"acorn@8.15.0","MIT","https://github.com/acornjs/acorn"
"agent-base@7.1.4","MIT","https://github.com/TooTallNate/proxy-agents"
"ajv@6.12.6","MIT","https://github.com/ajv-validator/ajv"
"ansi-regex@5.0.1","MIT","https://github.com/chalk/ansi-regex"
"ansi-styles@4.3.0","MIT","https://github.com/chalk/ansi-styles"
"ansi-styles@5.2.0","MIT","https://github.com/chalk/ansi-styles"
"argparse@2.0.1","Python-2.0","https://github.com/nodeca/argparse"
"aria-query@5.3.0","Apache-2.0","https://github.com/A11yance/aria-query"
"aria-query@5.3.2","Apache-2.0","https://github.com/A11yance/aria-query"
"array-buffer-byte-length@1.0.2","MIT","https://github.com/inspect-js/array-buffer-byte-length"
"array-includes@3.1.9","MIT","https://github.com/es-shims/array-includes"
"array.prototype.flat@1.3.3","MIT","https://github.com/es-shims/Array.prototype.flat"
"array.prototype.flatmap@1.3.3","MIT","https://github.com/es-shims/Array.prototype.flatMap"
"arraybuffer.prototype.slice@1.0.4","MIT","https://github.com/es-shims/ArrayBuffer.prototype.slice"
"assertion-error@2.0.1","MIT","https://github.com/chaijs/assertion-error"
"ast-types-flow@0.0.8","MIT","https://github.com/kyldvs/ast-types-flow"
"ast-v8-to-istanbul@0.3.8","MIT","https://github.com/AriPerkkio/ast-v8-to-istanbul"
"async-function@1.0.0","MIT","https://github.com/ljharb/async-function"
"asynckit@0.4.0","MIT","https://github.com/alexindigo/asynckit"
"autoprefixer@10.4.22","MIT","https://github.com/postcss/autoprefixer"
"available-typed-arrays@1.0.7","MIT","https://github.com/inspect-js/available-typed-arrays"
"axe-core@4.11.1","MPL-2.0","https://github.com/dequelabs/axe-core"
"axios@1.13.2","MIT","https://github.com/axios/axios"
"axobject-query@4.1.0","Apache-2.0","https://github.com/A11yance/axobject-query"
"bail@2.0.2","MIT","https://github.com/wooorm/bail"
"balanced-match@1.0.2","MIT","https://github.com/juliangruber/balanced-match"
"baseline-browser-mapping@2.8.28","Apache-2.0","https://github.com/web-platform-dx/baseline-browser-mapping"
"bidi-js@1.0.3","MIT","https://github.com/lojjic/bidi-js"
"brace-expansion@1.1.12","MIT","https://github.com/juliangruber/brace-expansion"
"brace-expansion@2.0.2","MIT","https://github.com/juliangruber/brace-expansion"
"braces@3.0.3","MIT","https://github.com/micromatch/braces"
"browserslist@4.28.0","MIT","https://github.com/browserslist/browserslist"
"call-bind-apply-helpers@1.0.2","MIT","https://github.com/ljharb/call-bind-apply-helpers"
"call-bind@1.0.8","MIT","https://github.com/ljharb/call-bind"
"call-bound@1.0.4","MIT","https://github.com/ljharb/call-bound"
"callsites@3.1.0","MIT","https://github.com/sindresorhus/callsites"
"caniuse-lite@1.0.30001755","CC-BY-4.0","https://github.com/browserslist/caniuse-lite"
"ccount@2.0.1","MIT","https://github.com/wooorm/ccount"
"chai@6.2.1","MIT","https://github.com/chaijs/chai"
"chalk@4.1.2","MIT","https://github.com/chalk/chalk"
"character-entities-html4@2.1.0","MIT","https://github.com/wooorm/character-entities-html4"
"character-entities-legacy@3.0.0","MIT","https://github.com/wooorm/character-entities-legacy"
"character-entities@2.0.2","MIT","https://github.com/wooorm/character-entities"
"character-reference-invalid@2.0.1","MIT","https://github.com/wooorm/character-reference-invalid"
"classcat@5.0.5","MIT","https://github.com/jorgebucaran/classcat"
"cli-width@4.1.0","ISC","https://github.com/knownasilya/cli-width"
"cliui@8.0.1","ISC","https://github.com/yargs/cliui"
"clsx@2.1.1","MIT","https://github.com/lukeed/clsx"
"color-convert@2.0.1","MIT","https://github.com/Qix-/color-convert"
"color-name@1.1.4","MIT","https://github.com/colorjs/color-name"
"combined-stream@1.0.8","MIT","https://github.com/felixge/node-combined-stream"
"comma-separated-tokens@2.0.3","MIT","https://github.com/wooorm/comma-separated-tokens"
"concat-map@0.0.1","MIT","https://github.com/substack/node-concat-map"
"convert-source-map@2.0.0","MIT","https://github.com/thlorenz/convert-source-map"
"cookie@1.0.2","MIT","https://github.com/jshttp/cookie"
"cross-spawn@7.0.6","MIT","https://github.com/moxystudio/node-cross-spawn"
"css-tree@3.1.0","MIT","https://github.com/csstree/csstree"
"css.escape@1.5.1","MIT","https://github.com/mathiasbynens/CSS.escape"
"cssstyle@5.3.3","MIT","https://github.com/jsdom/cssstyle"
"csstype@3.2.3","MIT","https://github.com/frenic/csstype"
"d3-color@3.1.0","ISC","https://github.com/d3/d3-color"
"d3-dispatch@3.0.1","ISC","https://github.com/d3/d3-dispatch"
"d3-drag@3.0.0","ISC","https://github.com/d3/d3-drag"
"d3-ease@3.0.1","BSD-3-Clause","https://github.com/d3/d3-ease"
"d3-interpolate@3.0.1","ISC","https://github.com/d3/d3-interpolate"
"d3-selection@3.0.0","ISC","https://github.com/d3/d3-selection"
"d3-timer@3.0.1","ISC","https://github.com/d3/d3-timer"
"d3-transition@3.0.1","ISC","https://github.com/d3/d3-transition"
"d3-zoom@3.0.0","ISC","https://github.com/d3/d3-zoom"
"damerau-levenshtein@1.0.8","BSD-2-Clause","https://github.com/tad-lispy/node-damerau-levenshtein"
"data-urls@6.0.0","MIT","https://github.com/jsdom/data-urls"
"data-view-buffer@1.0.2","MIT","https://github.com/inspect-js/data-view-buffer"
"data-view-byte-length@1.0.2","MIT","https://github.com/inspect-js/data-view-byte-length"
"data-view-byte-offset@1.0.1","MIT","https://github.com/inspect-js/data-view-byte-offset"
"debug@4.4.3","MIT","https://github.com/debug-js/debug"
"decimal.js@10.6.0","MIT","https://github.com/MikeMcl/decimal.js"
"decode-named-character-reference@1.2.0","MIT","https://github.com/wooorm/decode-named-character-reference"
"deep-is@0.1.4","MIT","https://github.com/thlorenz/deep-is"
"define-data-property@1.1.4","MIT","https://github.com/ljharb/define-data-property"
"define-properties@1.2.1","MIT","https://github.com/ljharb/define-properties"
"delayed-stream@1.0.0","MIT","https://github.com/felixge/node-delayed-stream"
"dequal@2.0.3","MIT","https://github.com/lukeed/dequal"
"detect-libc@2.1.2","Apache-2.0","https://github.com/lovell/detect-libc"
"devlop@1.1.0","MIT","https://github.com/wooorm/devlop"
"dom-accessibility-api@0.5.16","MIT","https://github.com/eps1lon/dom-accessibility-api"
"dom-accessibility-api@0.6.3","MIT","https://github.com/eps1lon/dom-accessibility-api"
"dunder-proto@1.0.1","MIT","https://github.com/es-shims/dunder-proto"
"electron-to-chromium@1.5.254","ISC","https://github.com/kilian/electron-to-chromium"
"elkjs@0.11.1","EPL-2.0","https://github.com/kieler/elkjs"
"emoji-regex@8.0.0","MIT","https://github.com/mathiasbynens/emoji-regex"
"emoji-regex@9.2.2","MIT","https://github.com/mathiasbynens/emoji-regex"
"enhanced-resolve@5.18.3","MIT","https://github.com/webpack/enhanced-resolve"
"entities@6.0.1","BSD-2-Clause","https://github.com/fb55/entities"
"es-abstract@1.24.1","MIT","https://github.com/ljharb/es-abstract"
"es-define-property@1.0.1","MIT","https://github.com/ljharb/es-define-property"
"es-errors@1.3.0","MIT","https://github.com/ljharb/es-errors"
"es-module-lexer@1.7.0","MIT","https://github.com/guybedford/es-module-lexer"
"es-object-atoms@1.1.1","MIT","https://github.com/ljharb/es-object-atoms"
"es-set-tostringtag@2.1.0","MIT","https://github.com/es-shims/es-set-tostringtag"
"es-shim-unscopables@1.1.0","MIT","https://github.com/ljharb/es-shim-unscopables"
"es-to-primitive@1.3.0","MIT","https://github.com/ljharb/es-to-primitive"
"esbuild@0.25.12","MIT","https://github.com/evanw/esbuild"
"escalade@3.2.0","MIT","https://github.com/lukeed/escalade"
"escape-string-regexp@4.0.0","MIT","https://github.com/sindresorhus/escape-string-regexp"
"escape-string-regexp@5.0.0","MIT","https://github.com/sindresorhus/escape-string-regexp"
"eslint-plugin-jsx-a11y@6.10.2","MIT","https://github.com/jsx-eslint/eslint-plugin-jsx-a11y"
"eslint-plugin-react-hooks@7.0.1","MIT","https://github.com/facebook/react"
"eslint-plugin-react-refresh@0.4.24","MIT","https://github.com/ArnaudBarre/eslint-plugin-react-refresh"
"eslint-scope@8.4.0","BSD-2-Clause","https://github.com/eslint/js"
"eslint-visitor-keys@3.4.3","Apache-2.0","https://github.com/eslint/eslint-visitor-keys"
"eslint-visitor-keys@4.2.1","Apache-2.0","https://github.com/eslint/js"
"eslint@9.39.1","MIT","https://github.com/eslint/eslint"
"espree@10.4.0","BSD-2-Clause","https://github.com/eslint/js"
"esquery@1.6.0","BSD-3-Clause","https://github.com/estools/esquery"
"esrecurse@4.3.0","BSD-2-Clause","https://github.com/estools/esrecurse"
"estraverse@5.3.0","BSD-2-Clause","https://github.com/estools/estraverse"
"estree-util-is-identifier-name@3.0.0","MIT","https://github.com/syntax-tree/estree-util-is-identifier-name"
"estree-walker@3.0.3","MIT","https://github.com/Rich-Harris/estree-walker"
"esutils@2.0.3","BSD-2-Clause","https://github.com/estools/esutils"
"expect-type@1.2.2","Apache-2.0","https://github.com/mmkal/expect-type"
"extend@3.0.2","MIT","https://github.com/justmoon/node-extend"
"fast-deep-equal@3.1.3","MIT","https://github.com/epoberezkin/fast-deep-equal"
"fast-glob@3.3.3","MIT","https://github.com/mrmlnc/fast-glob"
"fast-json-stable-stringify@2.1.0","MIT","https://github.com/epoberezkin/fast-json-stable-stringify"
"fast-levenshtein@2.0.6","MIT","https://github.com/hiddentao/fast-levenshtein"
"fastq@1.19.1","ISC","https://github.com/mcollina/fastq"
"fd-package-json@2.0.0","MIT","https://github.com/es-tooling/fd-package-json"
"fdir@6.5.0","MIT","https://github.com/thecodrr/fdir"
"fflate@0.8.2","MIT","https://github.com/101arrowz/fflate"
"file-entry-cache@8.0.0","MIT","https://github.com/jaredwray/file-entry-cache"
"fill-range@7.1.1","MIT","https://github.com/jonschlinkert/fill-range"
"find-up@5.0.0","MIT","https://github.com/sindresorhus/find-up"
"flat-cache@4.0.1","MIT","https://github.com/jaredwray/flat-cache"
"flatted@3.3.3","ISC","https://github.com/WebReflection/flatted"
"follow-redirects@1.15.11","MIT","https://github.com/follow-redirects/follow-redirects"
"for-each@0.3.5","MIT","https://github.com/Raynos/for-each"
"form-data@4.0.5","MIT","https://github.com/form-data/form-data"
"formatly@0.3.0","MIT","https://github.com/JoshuaKGoldberg/formatly"
"fraction.js@5.3.4","MIT","https://github.com/rawify/Fraction.js"
"framer-motion@12.35.2","MIT","https://github.com/motiondivision/motion"
"fsevents@2.3.2","MIT","https://github.com/fsevents/fsevents"
"fsevents@2.3.3","MIT","https://github.com/fsevents/fsevents"
"function-bind@1.1.2","MIT","https://github.com/Raynos/function-bind"
"function.prototype.name@1.1.8","MIT","https://github.com/es-shims/Function.prototype.name"
"functions-have-names@1.2.3","MIT","https://github.com/inspect-js/functions-have-names"
"generator-function@2.0.1","MIT","https://github.com/TimothyGu/generator-function"
"gensync@1.0.0-beta.2","MIT","https://github.com/loganfsmyth/gensync"
"get-caller-file@2.0.5","ISC","https://github.com/stefanpenner/get-caller-file"
"get-intrinsic@1.3.0","MIT","https://github.com/ljharb/get-intrinsic"
"get-proto@1.0.1","MIT","https://github.com/ljharb/get-proto"
"get-symbol-description@1.1.0","MIT","https://github.com/inspect-js/get-symbol-description"
"glob-parent@5.1.2","ISC","https://github.com/gulpjs/glob-parent"
"glob-parent@6.0.2","ISC","https://github.com/gulpjs/glob-parent"
"globals@14.0.0","MIT","https://github.com/sindresorhus/globals"
"globals@16.5.0","MIT","https://github.com/sindresorhus/globals"
"globalthis@1.0.4","MIT","https://github.com/ljharb/System.global"
"gopd@1.2.0","MIT","https://github.com/ljharb/gopd"
"graceful-fs@4.2.11","ISC","https://github.com/isaacs/node-graceful-fs"
"graphemer@1.4.0","MIT","https://github.com/flmnt/graphemer"
"graphql@16.12.0","MIT","https://github.com/graphql/graphql-js"
"happy-dom@20.0.10","MIT","https://github.com/capricorn86/happy-dom"
"has-bigints@1.1.0","MIT","https://github.com/ljharb/has-bigints"
"has-flag@4.0.0","MIT","https://github.com/sindresorhus/has-flag"
"has-property-descriptors@1.0.2","MIT","https://github.com/inspect-js/has-property-descriptors"
"has-proto@1.2.0","MIT","https://github.com/inspect-js/has-proto"
"has-symbols@1.1.0","MIT","https://github.com/inspect-js/has-symbols"
"has-tostringtag@1.0.2","MIT","https://github.com/inspect-js/has-tostringtag"
"hasown@2.0.2","MIT","https://github.com/inspect-js/hasOwn"
"hast-util-is-element@3.0.0","MIT","https://github.com/syntax-tree/hast-util-is-element"
"hast-util-to-jsx-runtime@2.3.6","MIT","https://github.com/syntax-tree/hast-util-to-jsx-runtime"
"hast-util-to-text@4.0.2","MIT","https://github.com/syntax-tree/hast-util-to-text"
"hast-util-whitespace@3.0.0","MIT","https://github.com/syntax-tree/hast-util-whitespace"
"headers-polyfill@4.0.3","MIT","https://github.com/mswjs/headers-polyfill"
"hermes-estree@0.25.1","MIT","https://github.com/facebook/hermes"
"hermes-parser@0.25.1","MIT","https://github.com/facebook/hermes"
"highlight.js@11.11.1","BSD-3-Clause","https://github.com/highlightjs/highlight.js"
"html-encoding-sniffer@4.0.0","MIT","https://github.com/jsdom/html-encoding-sniffer"
"html-escaper@2.0.2","MIT","https://github.com/WebReflection/html-escaper"
"html-url-attributes@3.0.1","MIT","https://github.com/rehypejs/rehype-minify.git#main"
"http-proxy-agent@7.0.2","MIT","https://github.com/TooTallNate/proxy-agents"
"https-proxy-agent@7.0.6","MIT","https://github.com/TooTallNate/proxy-agents"
"iconv-lite@0.6.3","MIT","https://github.com/ashtuchkin/iconv-lite"
"ignore@5.3.2","MIT","https://github.com/kaelzhang/node-ignore"
"ignore@7.0.5","MIT","https://github.com/kaelzhang/node-ignore"
"import-fresh@3.3.1","MIT","https://github.com/sindresorhus/import-fresh"
"imurmurhash@0.1.4","MIT","https://github.com/jensyt/imurmurhash-js"
"indent-string@4.0.0","MIT","https://github.com/sindresorhus/indent-string"
"inline-style-parser@0.2.7","MIT","https://github.com/remarkablemark/inline-style-parser"
"internal-slot@1.1.0","MIT","https://github.com/ljharb/internal-slot"
"is-alphabetical@2.0.1","MIT","https://github.com/wooorm/is-alphabetical"
"is-alphanumerical@2.0.1","MIT","https://github.com/wooorm/is-alphanumerical"
"is-array-buffer@3.0.5","MIT","https://github.com/inspect-js/is-array-buffer"
"is-async-function@2.1.1","MIT","https://github.com/inspect-js/is-async-function"
"is-bigint@1.1.0","MIT","https://github.com/inspect-js/is-bigint"
"is-boolean-object@1.2.2","MIT","https://github.com/inspect-js/is-boolean-object"
"is-callable@1.2.7","MIT","https://github.com/inspect-js/is-callable"
"is-data-view@1.0.2","MIT","https://github.com/inspect-js/is-data-view"
"is-date-object@1.1.0","MIT","https://github.com/inspect-js/is-date-object"
"is-decimal@2.0.1","MIT","https://github.com/wooorm/is-decimal"
"is-extglob@2.1.1","MIT","https://github.com/jonschlinkert/is-extglob"
"is-finalizationregistry@1.1.1","MIT","https://github.com/inspect-js/is-finalizationregistry"
"is-fullwidth-code-point@3.0.0","MIT","https://github.com/sindresorhus/is-fullwidth-code-point"
"is-generator-function@1.1.2","MIT","https://github.com/inspect-js/is-generator-function"
"is-glob@4.0.3","MIT","https://github.com/micromatch/is-glob"
"is-hexadecimal@2.0.1","MIT","https://github.com/wooorm/is-hexadecimal"
"is-lite@2.0.0","MIT","https://github.com/gilbarbara/is-lite"
"is-map@2.0.3","MIT","https://github.com/inspect-js/is-map"
"is-negative-zero@2.0.3","MIT","https://github.com/inspect-js/is-negative-zero"
"is-node-process@1.2.0","MIT","https://github.com/mswjs/is-node-process"
"is-number-object@1.1.1","MIT","https://github.com/inspect-js/is-number-object"
"is-number@7.0.0","MIT","https://github.com/jonschlinkert/is-number"
"is-plain-obj@4.1.0","MIT","https://github.com/sindresorhus/is-plain-obj"
"is-potential-custom-element-name@1.0.1","MIT","https://github.com/mathiasbynens/is-potential-custom-element-name"
"is-regex@1.2.1","MIT","https://github.com/inspect-js/is-regex"
"is-set@2.0.3","MIT","https://github.com/inspect-js/is-set"
"is-shared-array-buffer@1.0.4","MIT","https://github.com/inspect-js/is-shared-array-buffer"
"is-string@1.1.1","MIT","https://github.com/inspect-js/is-string"
"is-symbol@1.1.1","MIT","https://github.com/inspect-js/is-symbol"
"is-typed-array@1.1.15","MIT","https://github.com/inspect-js/is-typed-array"
"is-weakmap@2.0.2","MIT","https://github.com/inspect-js/is-weakmap"
"is-weakref@1.1.1","MIT","https://github.com/inspect-js/is-weakref"
"is-weakset@2.0.4","MIT","https://github.com/inspect-js/is-weakset"
"isarray@2.0.5","MIT","https://github.com/juliangruber/isarray"
"isexe@2.0.0","ISC","https://github.com/isaacs/isexe"
"istanbul-lib-coverage@3.2.2","BSD-3-Clause","https://github.com/istanbuljs/istanbuljs"
"istanbul-lib-report@3.0.1","BSD-3-Clause","https://github.com/istanbuljs/istanbuljs"
"istanbul-lib-source-maps@5.0.6","BSD-3-Clause","https://github.com/istanbuljs/istanbuljs"
"istanbul-reports@3.2.0","BSD-3-Clause","https://github.com/istanbuljs/istanbuljs"
"jiti@2.6.1","MIT","https://github.com/unjs/jiti"
"js-tokens@4.0.0","MIT","https://github.com/lydell/js-tokens"
"js-tokens@9.0.1","MIT","https://github.com/lydell/js-tokens"
"js-yaml@4.1.1","MIT","https://github.com/nodeca/js-yaml"
"jsdom@27.2.0","MIT","https://github.com/jsdom/jsdom"
"jsesc@3.1.0","MIT","https://github.com/mathiasbynens/jsesc"
"json-buffer@3.0.1","MIT","https://github.com/dominictarr/json-buffer"
"json-schema-traverse@0.4.1","MIT","https://github.com/epoberezkin/json-schema-traverse"
"json-stable-stringify-without-jsonify@1.0.1","MIT","https://github.com/samn/json-stable-stringify"
"json5@2.2.3","MIT","https://github.com/json5/json5"
"jsx-ast-utils@3.3.5","MIT","https://github.com/jsx-eslint/jsx-ast-utils"
"keycloak-js@26.2.2","Apache-2.0","https://github.com/keycloak/keycloak-js"
"keyv@4.5.4","MIT","https://github.com/jaredwray/keyv"
"knip@5.86.0","ISC","https://github.com/webpro-nl/knip"
"language-subtag-registry@0.3.23","CC0-1.0","https://github.com/mattcg/language-subtag-registry"
"language-tags@1.0.9","MIT","https://github.com/mattcg/language-tags"
"levn@0.4.1","MIT","https://github.com/gkz/levn"
"lightningcss-darwin-arm64@1.30.2","MPL-2.0","https://github.com/parcel-bundler/lightningcss"
"lightningcss@1.30.2","MPL-2.0","https://github.com/parcel-bundler/lightningcss"
"locate-path@6.0.0","MIT","https://github.com/sindresorhus/locate-path"
"lodash.merge@4.6.2","MIT","https://github.com/lodash/lodash"
"longest-streak@3.1.0","MIT","https://github.com/wooorm/longest-streak"
"lowlight@3.3.0","MIT","https://github.com/wooorm/lowlight"
"lru-cache@11.2.2","ISC","https://github.com/isaacs/node-lru-cache"
"lru-cache@5.1.1","ISC","https://github.com/isaacs/node-lru-cache"
"lucide-react@0.554.0","ISC","https://github.com/lucide-icons/lucide"
"lz-string@1.5.0","MIT","https://github.com/pieroxy/lz-string"
"magic-string@0.30.21","MIT","https://github.com/Rich-Harris/magic-string"
"magicast@0.5.1","MIT","https://github.com/unjs/magicast"
"make-dir@4.0.0","MIT","https://github.com/sindresorhus/make-dir"
"markdown-table@3.0.4","MIT","https://github.com/wooorm/markdown-table"
"math-intrinsics@1.1.0","MIT","https://github.com/es-shims/math-intrinsics"
"mdast-util-find-and-replace@3.0.2","MIT","https://github.com/syntax-tree/mdast-util-find-and-replace"
"mdast-util-from-markdown@2.0.2","MIT","https://github.com/syntax-tree/mdast-util-from-markdown"
"mdast-util-gfm-autolink-literal@2.0.1","MIT","https://github.com/syntax-tree/mdast-util-gfm-autolink-literal"
"mdast-util-gfm-footnote@2.1.0","MIT","https://github.com/syntax-tree/mdast-util-gfm-footnote"
"mdast-util-gfm-strikethrough@2.0.0","MIT","https://github.com/syntax-tree/mdast-util-gfm-strikethrough"
"mdast-util-gfm-table@2.0.0","MIT","https://github.com/syntax-tree/mdast-util-gfm-table"
"mdast-util-gfm-task-list-item@2.0.0","MIT","https://github.com/syntax-tree/mdast-util-gfm-task-list-item"
"mdast-util-gfm@3.1.0","MIT","https://github.com/syntax-tree/mdast-util-gfm"
"mdast-util-mdx-expression@2.0.1","MIT","https://github.com/syntax-tree/mdast-util-mdx-expression"
"mdast-util-mdx-jsx@3.2.0","MIT","https://github.com/syntax-tree/mdast-util-mdx-jsx"
"mdast-util-mdxjs-esm@2.0.1","MIT","https://github.com/syntax-tree/mdast-util-mdxjs-esm"
"mdast-util-phrasing@4.1.0","MIT","https://github.com/syntax-tree/mdast-util-phrasing"
"mdast-util-to-hast@13.2.1","MIT","https://github.com/syntax-tree/mdast-util-to-hast"
"mdast-util-to-markdown@2.1.2","MIT","https://github.com/syntax-tree/mdast-util-to-markdown"
"mdast-util-to-string@4.0.0","MIT","https://github.com/syntax-tree/mdast-util-to-string"
"mdn-data@2.12.2","CC0-1.0","https://github.com/mdn/data"
"meho_frontend@0.0.0","UNLICENSED",""
"merge2@1.4.1","MIT","https://github.com/teambition/merge2"
"micromark-core-commonmark@2.0.3","MIT","https://github.com/micromark/micromark.git#main"
"micromark-extension-gfm-autolink-literal@2.1.0","MIT","https://github.com/micromark/micromark-extension-gfm-autolink-literal"
"micromark-extension-gfm-footnote@2.1.0","MIT","https://github.com/micromark/micromark-extension-gfm-footnote"
"micromark-extension-gfm-strikethrough@2.1.0","MIT","https://github.com/micromark/micromark-extension-gfm-strikethrough"
"micromark-extension-gfm-table@2.1.1","MIT","https://github.com/micromark/micromark-extension-gfm-table"
"micromark-extension-gfm-tagfilter@2.0.0","MIT","https://github.com/micromark/micromark-extension-gfm-tagfilter"
"micromark-extension-gfm-task-list-item@2.1.0","MIT","https://github.com/micromark/micromark-extension-gfm-task-list-item"
"micromark-extension-gfm@3.0.0","MIT","https://github.com/micromark/micromark-extension-gfm"
"micromark-factory-destination@2.0.1","MIT","https://github.com/micromark/micromark.git#main"
"micromark-factory-label@2.0.1","MIT","https://github.com/micromark/micromark.git#main"
"micromark-factory-space@2.0.1","MIT","https://github.com/micromark/micromark.git#main"
"micromark-factory-title@2.0.1","MIT","https://github.com/micromark/micromark.git#main"
"micromark-factory-whitespace@2.0.1","MIT","https://github.com/micromark/micromark.git#main"
"micromark-util-character@2.1.1","MIT","https://github.com/micromark/micromark.git#main"
"micromark-util-chunked@2.0.1","MIT","https://github.com/micromark/micromark.git#main"
"micromark-util-classify-character@2.0.1","MIT","https://github.com/micromark/micromark.git#main"
"micromark-util-combine-extensions@2.0.1","MIT","https://github.com/micromark/micromark.git#main"
"micromark-util-decode-numeric-character-reference@2.0.2","MIT","https://github.com/micromark/micromark.git#main"
"micromark-util-decode-string@2.0.1","MIT","https://github.com/micromark/micromark.git#main"
"micromark-util-encode@2.0.1","MIT","https://github.com/micromark/micromark.git#main"
"micromark-util-html-tag-name@2.0.1","MIT","https://github.com/micromark/micromark.git#main"
"micromark-util-normalize-identifier@2.0.1","MIT","https://github.com/micromark/micromark.git#main"
"micromark-util-resolve-all@2.0.1","MIT","https://github.com/micromark/micromark.git#main"
"micromark-util-sanitize-uri@2.0.1","MIT","https://github.com/micromark/micromark.git#main"
"micromark-util-subtokenize@2.1.0","MIT","https://github.com/micromark/micromark.git#main"
"micromark-util-symbol@2.0.1","MIT","https://github.com/micromark/micromark.git#main"
"micromark-util-types@2.0.2","MIT","https://github.com/micromark/micromark.git#main"
"micromark@4.0.2","MIT","https://github.com/micromark/micromark.git#main"
"micromatch@4.0.8","MIT","https://github.com/micromatch/micromatch"
"mime-db@1.52.0","MIT","https://github.com/jshttp/mime-db"
"mime-types@2.1.35","MIT","https://github.com/jshttp/mime-types"
"min-indent@1.0.1","MIT","https://github.com/thejameskyle/min-indent"
"minimatch@3.1.2","ISC","https://github.com/isaacs/minimatch"
"minimatch@9.0.5","ISC","https://github.com/isaacs/minimatch"
"minimist@1.2.8","MIT","https://github.com/minimistjs/minimist"
"motion-dom@12.35.2","MIT","https://github.com/motiondivision/motion"
"motion-utils@12.29.2","MIT","https://github.com/motiondivision/motion"
"motion@12.35.2","MIT","https://github.com/motiondivision/motion"
"mrmime@2.0.1","MIT","https://github.com/lukeed/mrmime"
"ms@2.1.3","MIT","https://github.com/vercel/ms"
"msw@2.12.2","MIT","https://github.com/mswjs/msw"
"mute-stream@2.0.0","ISC","https://github.com/npm/mute-stream"
"nanoid@3.3.11","MIT","https://github.com/ai/nanoid"
"natural-compare@1.4.0","MIT","https://github.com/litejs/natural-compare-lite"
"node-releases@2.0.27","MIT","https://github.com/chicoxyzzy/node-releases"
"normalize-range@0.1.2","MIT","https://github.com/jamestalmage/normalize-range"
"object-inspect@1.13.4","MIT","https://github.com/inspect-js/object-inspect"
"object-keys@1.1.1","MIT","https://github.com/ljharb/object-keys"
"object.assign@4.1.7","MIT","https://github.com/ljharb/object.assign"
"object.fromentries@2.0.8","MIT","https://github.com/es-shims/Object.fromEntries"
"object.values@1.2.1","MIT","https://github.com/es-shims/Object.values"
"optionator@0.9.4","MIT","https://github.com/gkz/optionator"
"outvariant@1.4.3","MIT","https://github.com/open-draft/outvariant"
"own-keys@1.0.1","MIT","https://github.com/ljharb/own-keys"
"oxc-resolver@11.19.1","MIT","https://github.com/oxc-project/oxc-resolver"
"p-limit@3.1.0","MIT","https://github.com/sindresorhus/p-limit"
"p-locate@5.0.0","MIT","https://github.com/sindresorhus/p-locate"
"parent-module@1.0.1","MIT","https://github.com/sindresorhus/parent-module"
"parse-entities@4.0.2","MIT","https://github.com/wooorm/parse-entities"
"parse5@8.0.0","MIT","https://github.com/inikulin/parse5"
"path-exists@4.0.0","MIT","https://github.com/sindresorhus/path-exists"
"path-key@3.1.1","MIT","https://github.com/sindresorhus/path-key"
"path-to-regexp@6.3.0","MIT","https://github.com/pillarjs/path-to-regexp"
"pathe@2.0.3","MIT","https://github.com/unjs/pathe"
"picocolors@1.1.1","ISC","https://github.com/alexeyraspopov/picocolors"
"picomatch@2.3.1","MIT","https://github.com/micromatch/picomatch"
"picomatch@4.0.3","MIT","https://github.com/micromatch/picomatch"
"playwright-core@1.57.0","Apache-2.0","https://github.com/microsoft/playwright"
"playwright@1.57.0","Apache-2.0","https://github.com/microsoft/playwright"
"possible-typed-array-names@1.1.0","MIT","https://github.com/ljharb/possible-typed-array-names"
"postcss-value-parser@4.2.0","MIT","https://github.com/TrySound/postcss-value-parser"
"postcss@8.5.6","MIT","https://github.com/postcss/postcss"
"prelude-ls@1.2.1","MIT","https://github.com/gkz/prelude-ls"
"prettier@3.8.1","MIT","https://github.com/prettier/prettier"
"pretty-format@27.5.1","MIT","https://github.com/facebook/jest"
"property-information@7.1.0","MIT","https://github.com/wooorm/property-information"
"proxy-from-env@1.1.0","MIT","https://github.com/Rob--W/proxy-from-env"
"punycode@2.3.1","MIT","https://github.com/mathiasbynens/punycode.js"
"queue-microtask@1.2.3","MIT","https://github.com/feross/queue-microtask"
"react-dom@19.2.0","MIT","https://github.com/facebook/react"
"react-innertext@1.1.5","MIT","https://github.com/CharlesStover/react-innertext"
"react-is@17.0.2","MIT","https://github.com/facebook/react"
"react-joyride@3.0.0","MIT","https://github.com/gilbarbara/react-joyride"
"react-markdown@10.1.0","MIT","https://github.com/remarkjs/react-markdown"
"react-refresh@0.18.0","MIT","https://github.com/facebook/react"
"react-router-dom@7.9.6","MIT","https://github.com/remix-run/react-router"
"react-router@7.9.6","MIT","https://github.com/remix-run/react-router"
"react@19.2.0","MIT","https://github.com/facebook/react"
"redent@3.0.0","MIT","https://github.com/sindresorhus/redent"
"reflect.getprototypeof@1.0.10","MIT","https://github.com/es-shims/Reflect.getPrototypeOf"
"regexp.prototype.flags@1.5.4","MIT","https://github.com/es-shims/RegExp.prototype.flags"
"rehype-highlight@7.0.2","MIT","https://github.com/rehypejs/rehype-highlight"
"remark-gfm@4.0.1","MIT","https://github.com/remarkjs/remark-gfm"
"remark-parse@11.0.0","MIT","https://github.com/remarkjs/remark.git#main"
"remark-rehype@11.1.2","MIT","https://github.com/remarkjs/remark-rehype"
"remark-stringify@11.0.0","MIT","https://github.com/remarkjs/remark.git#main"
"require-directory@2.1.1","MIT","https://github.com/troygoode/node-require-directory"
"require-from-string@2.0.2","MIT","https://github.com/floatdrop/require-from-string"
"resolve-from@4.0.0","MIT","https://github.com/sindresorhus/resolve-from"
"rettime@0.7.0","MIT",""
"reusify@1.1.0","MIT","https://github.com/mcollina/reusify"
"rollup@4.53.2","MIT","https://github.com/rollup/rollup"
"run-parallel@1.2.0","MIT","https://github.com/feross/run-parallel"
"safe-array-concat@1.1.3","MIT","https://github.com/ljharb/safe-array-concat"
"safe-push-apply@1.0.0","MIT","https://github.com/ljharb/safe-push-apply"
"safe-regex-test@1.1.0","MIT","https://github.com/ljharb/safe-regex-test"
"safer-buffer@2.1.2","MIT","https://github.com/ChALkeR/safer-buffer"
"saxes@6.0.0","ISC","https://github.com/lddubeau/saxes"
"scheduler@0.27.0","MIT","https://github.com/facebook/react"
"scroll@3.0.1","MIT","https://github.com/michaelrhodes/scroll"
"scrollparent@2.1.0","ISC","https://github.com/olahol/scrollparent.js"
"semver@6.3.1","ISC","https://github.com/npm/node-semver"
"semver@7.7.3","ISC","https://github.com/npm/node-semver"
"set-cookie-parser@2.7.2","MIT","https://github.com/nfriedly/set-cookie-parser"
"set-function-length@1.2.2","MIT","https://github.com/ljharb/set-function-length"
"set-function-name@2.0.2","MIT","https://github.com/ljharb/set-function-name"
"set-proto@1.0.0","MIT","https://github.com/ljharb/set-proto"
"shebang-command@2.0.0","MIT","https://github.com/kevva/shebang-command"
"shebang-regex@3.0.0","MIT","https://github.com/sindresorhus/shebang-regex"
"side-channel-list@1.0.0","MIT","https://github.com/ljharb/side-channel-list"
"side-channel-map@1.0.1","MIT","https://github.com/ljharb/side-channel-map"
"side-channel-weakmap@1.0.2","MIT","https://github.com/ljharb/side-channel-weakmap"
"side-channel@1.1.0","MIT","https://github.com/ljharb/side-channel"
"siginfo@2.0.0","ISC","https://github.com/emilbayes/siginfo"
"signal-exit@4.1.0","ISC","https://github.com/tapjs/signal-exit"
"sirv@3.0.2","MIT","https://github.com/lukeed/sirv"
"smol-toml@1.6.0","BSD-3-Clause","https://github.com/squirrelchat/smol-toml"
"sonner@2.0.7","MIT","https://github.com/emilkowalski/sonner"
"source-map-js@1.2.1","BSD-3-Clause","https://github.com/7rulnik/source-map-js"
"space-separated-tokens@2.0.2","MIT","https://github.com/wooorm/space-separated-tokens"
"stackback@0.0.2","MIT","https://github.com/shtylman/node-stackback"
"statuses@2.0.2","MIT","https://github.com/jshttp/statuses"
"std-env@3.10.0","MIT","https://github.com/unjs/std-env"
"stop-iteration-iterator@1.1.0","MIT","https://github.com/ljharb/stop-iteration-iterator"
"strict-event-emitter@0.5.1","MIT","https://github.com/open-draft/strict-event-emitter"
"string-width@4.2.3","MIT","https://github.com/sindresorhus/string-width"
"string.prototype.includes@2.0.1","MIT","https://github.com/mathiasbynens/String.prototype.includes"
"string.prototype.trim@1.2.10","MIT","https://github.com/es-shims/String.prototype.trim"
"string.prototype.trimend@1.0.9","MIT","https://github.com/es-shims/String.prototype.trimEnd"
"string.prototype.trimstart@1.0.8","MIT","https://github.com/es-shims/String.prototype.trimStart"
"stringify-entities@4.0.4","MIT","https://github.com/wooorm/stringify-entities"
"strip-ansi@6.0.1","MIT","https://github.com/chalk/strip-ansi"
"strip-indent@3.0.0","MIT","https://github.com/sindresorhus/strip-indent"
"strip-json-comments@3.1.1","MIT","https://github.com/sindresorhus/strip-json-comments"
"strip-json-comments@5.0.3","MIT","https://github.com/sindresorhus/strip-json-comments"
"style-to-js@1.1.21","MIT","https://github.com/remarkablemark/style-to-js"
"style-to-object@1.0.14","MIT","https://github.com/remarkablemark/style-to-object"
"supports-color@7.2.0","MIT","https://github.com/chalk/supports-color"
"symbol-tree@3.2.4","MIT","https://github.com/jsdom/js-symbol-tree"
"tailwind-merge@3.4.0","MIT","https://github.com/dcastil/tailwind-merge"
"tailwindcss@4.1.17","MIT","https://github.com/tailwindlabs/tailwindcss"
"tapable@2.3.0","MIT","https://github.com/webpack/tapable"
"tinybench@2.9.0","MIT","https://github.com/tinylibs/tinybench"
"tinyexec@0.3.2","MIT","https://github.com/tinylibs/tinyexec"
"tinyglobby@0.2.15","MIT","https://github.com/SuperchupuDev/tinyglobby"
"tinyrainbow@3.0.3","MIT","https://github.com/tinylibs/tinyrainbow"
"tldts-core@7.0.18","MIT","https://github.com/remusao/tldts"
"tldts@7.0.18","MIT","https://github.com/remusao/tldts"
"to-regex-range@5.0.1","MIT","https://github.com/micromatch/to-regex-range"
"totalist@3.0.1","MIT","https://github.com/lukeed/totalist"
"tough-cookie@6.0.0","BSD-3-Clause","https://github.com/salesforce/tough-cookie"
"tr46@6.0.0","MIT","https://github.com/jsdom/tr46"
"trim-lines@3.0.1","MIT","https://github.com/wooorm/trim-lines"
"trough@2.2.0","MIT","https://github.com/wooorm/trough"
"ts-api-utils@2.1.0","MIT","https://github.com/JoshuaKGoldberg/ts-api-utils"
"tslib@2.8.1","0BSD","https://github.com/Microsoft/tslib"
"type-check@0.4.0","MIT","https://github.com/gkz/type-check"
"type-fest@4.41.0","(MIT OR CC0-1.0)","https://github.com/sindresorhus/type-fest"
"typed-array-buffer@1.0.3","MIT","https://github.com/inspect-js/typed-array-buffer"
"typed-array-byte-length@1.0.3","MIT","https://github.com/inspect-js/typed-array-byte-length"
"typed-array-byte-offset@1.0.4","MIT","https://github.com/inspect-js/typed-array-byte-offset"
"typed-array-length@1.0.7","MIT","https://github.com/inspect-js/typed-array-length"
"typescript-eslint@8.47.0","MIT","https://github.com/typescript-eslint/typescript-eslint"
"typescript@5.9.3","Apache-2.0","https://github.com/microsoft/TypeScript"
"unbash@2.2.0","ISC","https://github.com/webpro-nl/unbash"
"unbox-primitive@1.1.0","MIT","https://github.com/ljharb/unbox-primitive"
"undici-types@6.21.0","MIT","https://github.com/nodejs/undici"
"undici-types@7.16.0","MIT","https://github.com/nodejs/undici"
"unified@11.0.5","MIT","https://github.com/unifiedjs/unified"
"unist-util-find-after@5.0.0","MIT","https://github.com/syntax-tree/unist-util-find-after"
"unist-util-is@6.0.1","MIT","https://github.com/syntax-tree/unist-util-is"
"unist-util-position@5.0.0","MIT","https://github.com/syntax-tree/unist-util-position"
"unist-util-stringify-position@4.0.0","MIT","https://github.com/syntax-tree/unist-util-stringify-position"
"unist-util-visit-parents@6.0.2","MIT","https://github.com/syntax-tree/unist-util-visit-parents"
"unist-util-visit@5.0.0","MIT","https://github.com/syntax-tree/unist-util-visit"
"until-async@3.0.2","MIT","https://github.com/kettanaito/until-async"
"update-browserslist-db@1.1.4","MIT","https://github.com/browserslist/update-db"
"uri-js@4.4.1","BSD-2-Clause","https://github.com/garycourt/uri-js"
"use-stick-to-bottom@1.1.3","MIT","https://github.com/stackblitz/use-stick-to-bottom"
"use-sync-external-store@1.6.0","MIT","https://github.com/facebook/react"
"vfile-message@4.0.3","MIT","https://github.com/vfile/vfile-message"
"vfile@6.0.3","MIT","https://github.com/vfile/vfile"
"vite@7.2.2","MIT","https://github.com/vitejs/vite"
"vitest@4.0.10","MIT","https://github.com/vitest-dev/vitest"
"w3c-xmlserializer@5.0.0","MIT","https://github.com/jsdom/w3c-xmlserializer"
"walk-up-path@4.0.0","ISC","https://github.com/isaacs/walk-up-path"
"webidl-conversions@8.0.0","BSD-2-Clause","https://github.com/jsdom/webidl-conversions"
"whatwg-encoding@3.1.1","MIT","https://github.com/jsdom/whatwg-encoding"
"whatwg-mimetype@3.0.0","MIT","https://github.com/jsdom/whatwg-mimetype"
"whatwg-mimetype@4.0.0","MIT","https://github.com/jsdom/whatwg-mimetype"
"whatwg-url@15.1.0","MIT","https://github.com/jsdom/whatwg-url"
"which-boxed-primitive@1.1.1","MIT","https://github.com/inspect-js/which-boxed-primitive"
"which-builtin-type@1.2.1","MIT","https://github.com/inspect-js/which-builtin-type"
"which-collection@1.0.2","MIT","https://github.com/inspect-js/which-collection"
"which-typed-array@1.1.20","MIT","https://github.com/inspect-js/which-typed-array"
"which@2.0.2","ISC","https://github.com/isaacs/node-which"
"why-is-node-running@2.3.0","MIT","https://github.com/mafintosh/why-is-node-running"
"word-wrap@1.2.5","MIT","https://github.com/jonschlinkert/word-wrap"
"wrap-ansi@6.2.0","MIT","https://github.com/chalk/wrap-ansi"
"wrap-ansi@7.0.0","MIT","https://github.com/chalk/wrap-ansi"
"ws@8.18.3","MIT","https://github.com/websockets/ws"
"xml-name-validator@5.0.0","Apache-2.0","https://github.com/jsdom/xml-name-validator"
"xmlchars@2.2.0","MIT","https://github.com/lddubeau/xmlchars"
"y18n@5.0.8","ISC","https://github.com/yargs/y18n"
"yallist@3.1.1","ISC","https://github.com/isaacs/yallist"
"yaml@2.8.2","ISC","https://github.com/eemeli/yaml"
"yargs-parser@21.1.1","ISC","https://github.com/yargs/yargs-parser"
"yargs@17.7.2","MIT","https://github.com/yargs/yargs"
"yocto-queue@0.1.0","MIT","https://github.com/sindresorhus/yocto-queue"
"yoctocolors-cjs@2.1.3","MIT","https://github.com/sindresorhus/yoctocolors"
"zod-validation-error@4.0.2","MIT","https://github.com/causaly/zod-validation-error"
"zod@4.1.12","MIT","https://github.com/colinhacks/zod"
"zustand@4.5.7","MIT","https://github.com/pmndrs/zustand"
"zustand@5.0.11","MIT","https://github.com/pmndrs/zustand"
"zwitch@2.0.4","MIT","https://github.com/wooorm/zwitch"
